{"cameraMode":{"drawMode":0,"name":"Shaded","section":"Shading Mode"},"sceneLighting":true,"audioPlay":false,"sceneViewState":{"m_AlwaysRefresh":false,"showFog":true,"showSkybox":true,"showFlares":true,"showImageEffects":true,"showParticleSystems":true,"showVisualEffectGraphs":true,"m_FxEnabled":true},"in2DMode":false,"pivot":{"x":0.5906348824501038,"y":4.628718852996826,"z":-2.7002809047698976},"rotation":{"x":0.21505726873874665,"y":-0.08046595752239227,"z":0.017781643196940423,"w":0.9731295704841614},"size":1.8724794387817383,"orthographic":false}